{
  "accuracy": 0.10364145658263306,
  "precision_macro": 0.012955182072829132,
  "recall_macro": 0.125,
  "f1_macro": 0.023477157360406092,
  "precision_weighted": 0.010741551522569812,
  "recall_weighted": 0.10364145658263306,
  "f1_weighted": 0.019465654282017377,
  "roc_auc": 0.5,
  "confusion_matrix": [
    [
      0,
      0,
      0,
      0,
      0,
      0,
      40,
      0
    ],
    [
      0,
      0,
      0,
      0,
      0,
      0,
      51,
      0
    ],
    [
      0,
      0,
      0,
      0,
      0,
      0,
      52,
      0
    ],
    [
      0,
      0,
      0,
      0,
      0,
      0,
      47,
      0
    ],
    [
      0,
      0,
      0,
      0,
      0,
      0,
      40,
      0
    ],
    [
      0,
      0,
      0,
      0,
      0,
      0,
      51,
      0
    ],
    [
      0,
      0,
      0,
      0,
      0,
      0,
      37,
      0
    ],
    [
      0,
      0,
      0,
      0,
      0,
      0,
      39,
      0
    ]
  ],
  "classification_report": {
    "正常": {
      "precision": 0.0,
      "recall": 0.0,
      "f1-score": 0.0,
      "support": 40.0
    },
    "发动机过热": {
      "precision": 0.0,
      "recall": 0.0,
      "f1-score": 0.0,
      "support": 51.0
    },
    "电池异常": {
      "precision": 0.0,
      "recall": 0.0,
      "f1-score": 0.0,
      "support": 52.0
    },
    "制动失效": {
      "precision": 0.0,
      "recall": 0.0,
      "f1-score": 0.0,
      "support": 47.0
    },
    "轮胎气压异常": {
      "precision": 0.0,
      "recall": 0.0,
      "f1-score": 0.0,
      "support": 40.0
    },
    "电机/控制器故障": {
      "precision": 0.0,
      "recall": 0.0,
      "f1-score": 0.0,
      "support": 51.0
    },
    "润滑系统故障": {
      "precision": 0.10364145658263306,
      "recall": 1.0,
      "f1-score": 0.18781725888324874,
      "support": 37.0
    },
    "冷却系统故障": {
      "precision": 0.0,
      "recall": 0.0,
      "f1-score": 0.0,
      "support": 39.0
    },
    "accuracy": 0.10364145658263306,
    "macro avg": {
      "precision": 0.012955182072829132,
      "recall": 0.125,
      "f1-score": 0.023477157360406092,
      "support": 357.0
    },
    "weighted avg": {
      "precision": 0.010741551522569812,
      "recall": 0.10364145658263306,
      "f1-score": 0.019465654282017377,
      "support": 357.0
    }
  },
  "num_samples": 357
}